noteId,tweetId,currentStatus,true_label_3way,true_label_text,n_votes,valid_votes,mean_rating_score,vote_helpful,vote_somewhat_helpful,vote_not_helpful,agree_rate,disagree_rate,helpful_clear_rate,helpful_good_sources_rate,helpful_addresses_claim_rate,helpful_important_context_rate,helpful_unbiased_language_rate,not_helpful_incorrect_rate,not_helpful_sources_missing_or_unreliable_rate,not_helpful_missing_key_points_rate,not_helpful_hard_to_understand_rate,not_helpful_argumentative_or_biased_rate,not_helpful_irrelevant_sources_rate,not_helpful_opinion_speculation_rate,not_helpful_note_not_needed_rate,mean_confidence,mean_changes_reader_understanding
1430799665243504645,1430230421615386627,NEEDS_MORE_RATINGS,1,NEEDS_MORE_RATINGS,16,16,0.8125,13,0,3,0.625,-0.625,0.625,0.75,0.625,0.375,0.875,-1.0,-1.0,-0.625,-1.0,-1.0,-0.875,-1.0,-1.0,77.875,62.1875
1529819034476240897,1529235231294865410,CURRENTLY_RATED_NOT_HELPFUL,0,NOT_HELPFUL,16,16,0.0,0,0,16,-1.0,1.0,-1.0,-1.0,-1.0,-1.0,-1.0,-0.875,-0.5,0.25,-1.0,1.0,-0.5,0.75,-0.375,77.125,10.9375
1578535828590104576,1577830046168858624,NEEDS_MORE_RATINGS,1,NEEDS_MORE_RATINGS,16,16,0.0625,1,0,15,-0.875,0.875,-0.875,-0.875,-0.875,-0.875,-0.875,-0.25,0.0,0.0,-1.0,-0.75,-0.375,-0.375,-0.75,71.875,19.1875
1592590624800186368,1591972667804233730,CURRENTLY_RATED_HELPFUL,2,HELPFUL,16,16,1.0,16,0,0,1.0,-1.0,1.0,0.875,1.0,1.0,1.0,-1.0,-1.0,-1.0,-1.0,-1.0,-1.0,-1.0,-1.0,81.625,72.875
1644662258310447105,1644418535106412544,NEEDS_MORE_RATINGS,1,NEEDS_MORE_RATINGS,16,16,0.0,0,0,16,-1.0,1.0,-1.0,-1.0,-1.0,-1.0,-1.0,-1.0,0.625,0.75,-1.0,0.0,0.875,-1.0,-1.0,74.25,9.375
1646157599396573184,1646062033299730432,CURRENTLY_RATED_HELPFUL,2,HELPFUL,16,16,0.625,10,0,6,0.25,-0.25,0.25,0.25,0.25,0.125,0.375,-0.75,-0.875,-0.25,-1.0,-1.0,-0.75,-0.875,-1.0,78.625,53.8125
1649849450175635458,1649846870896701442,CURRENTLY_RATED_HELPFUL,2,HELPFUL,16,16,0.1875,3,0,13,-0.625,0.625,-0.625,-1.0,-0.625,-0.75,0.0,-0.375,-0.25,0.25,-1.0,-1.0,-0.125,-1.0,-1.0,69.0,28.8125
1651733910576066566,1651713447300677632,CURRENTLY_RATED_NOT_HELPFUL,0,NOT_HELPFUL,16,16,0.0,0,0,16,-1.0,1.0,-1.0,-1.0,-1.0,-1.0,-0.875,-0.5,-0.375,0.25,-1.0,-0.75,-0.25,0.25,-1.0,74.5,19.1875
1654909483456294918,1654899298830540801,CURRENTLY_RATED_NOT_HELPFUL,0,NOT_HELPFUL,16,16,0.0,0,0,16,-1.0,1.0,-1.0,-1.0,-1.0,-1.0,-1.0,-0.75,-0.25,0.0,-1.0,1.0,0.875,-0.375,-0.125,78.125,8.5625
1664165128743313408,1663760409348788225,NEEDS_MORE_RATINGS,1,NEEDS_MORE_RATINGS,16,16,0.4375,7,0,9,-0.125,0.125,-0.125,-1.0,-0.125,-0.125,0.125,0.0,-1.0,-0.5,-1.0,-1.0,-0.625,-0.75,-1.0,66.0625,50.8125
1669963945405235202,1669954527179546624,CURRENTLY_RATED_NOT_HELPFUL,0,NOT_HELPFUL,16,16,0.0,0,0,16,-1.0,1.0,-1.0,-1.0,-1.0,-1.0,-0.5,-0.75,-0.25,0.75,-0.875,-0.375,0.0,0.75,-1.0,66.4375,19.1875
1690136094082322510,1689980202859089920,CURRENTLY_RATED_NOT_HELPFUL,0,NOT_HELPFUL,16,16,0.0,0,0,16,-1.0,1.0,-1.0,-1.0,-1.0,-1.0,-0.875,-0.5,-0.25,0.75,-1.0,0.75,0.5,-0.25,-1.0,74.5,14.0
1691710676144652425,1662445580310794240,CURRENTLY_RATED_HELPFUL,2,HELPFUL,16,16,0.0,0,0,16,-1.0,1.0,-1.0,-1.0,-1.0,-1.0,-0.875,0.625,0.5,-0.375,-1.0,-0.25,-0.125,0.375,-1.0,66.9375,23.25
1694011112637776209,1693735870723928448,CURRENTLY_RATED_NOT_HELPFUL,0,NOT_HELPFUL,16,16,0.0,0,0,16,-1.0,1.0,-1.0,-1.0,-1.0,-1.0,-0.75,-1.0,-1.0,0.25,-1.0,-0.75,0.5,-1.0,1.0,86.875,4.6875
1694993303723245650,1694971154610405595,NEEDS_MORE_RATINGS,1,NEEDS_MORE_RATINGS,16,16,0.0,0,0,16,-1.0,1.0,-1.0,-1.0,-1.0,-1.0,-1.0,-0.875,-1.0,0.25,-1.0,-1.0,-0.5,0.25,-0.75,77.0,11.875
1703449417993388472,1703150061113258323,CURRENTLY_RATED_NOT_HELPFUL,0,NOT_HELPFUL,16,16,0.0,0,0,16,-1.0,1.0,-1.0,-1.0,-1.0,-1.0,-1.0,-0.5,-0.25,0.125,-1.0,0.5,1.0,0.25,0.625,70.375,7.5
1705372125161468369,1705349507288813749,CURRENTLY_RATED_NOT_HELPFUL,0,NOT_HELPFUL,16,16,0.0,0,0,16,-1.0,1.0,-1.0,-1.0,-1.0,-1.0,-0.875,-0.125,-0.625,0.625,-1.0,0.875,-0.875,0.0,-0.875,69.4375,18.625
1710617392299078041,1710615222702989440,CURRENTLY_RATED_HELPFUL,2,HELPFUL,16,16,0.9375,15,0,1,0.875,-0.875,0.875,0.875,0.75,0.75,0.875,-1.0,-0.875,-0.875,-1.0,-1.0,-1.0,-1.0,-1.0,80.125,72.25
1712126669014647182,1711963541022871732,CURRENTLY_RATED_NOT_HELPFUL,0,NOT_HELPFUL,16,16,0.0,0,0,16,-1.0,1.0,-1.0,-1.0,-1.0,-1.0,-1.0,-0.875,0.75,0.625,-1.0,0.125,0.125,-0.25,-1.0,66.5,18.0625
1712854373431222700,1712352657090707625,CURRENTLY_RATED_NOT_HELPFUL,0,NOT_HELPFUL,16,16,0.0,0,0,16,-1.0,1.0,-1.0,-1.0,-1.0,-1.0,-0.125,-0.25,0.25,0.125,-1.0,-0.875,-0.5,0.25,-1.0,60.5625,20.0
1713137366700118470,1712777935588032979,CURRENTLY_RATED_HELPFUL,2,HELPFUL,16,16,0.6875,11,0,5,0.375,-0.375,0.375,0.625,0.375,0.375,0.75,-0.875,-0.875,-0.5,-1.0,-1.0,-1.0,-0.625,-1.0,69.25,58.375
1717327429277008355,1716802364697624578,NEEDS_MORE_RATINGS,1,NEEDS_MORE_RATINGS,16,16,1.0,16,0,0,1.0,-1.0,1.0,-1.0,1.0,0.625,1.0,-1.0,-0.25,-1.0,-1.0,-1.0,-1.0,-1.0,-1.0,80.375,86.4375
1720962075562758176,1720770947341258831,NEEDS_MORE_RATINGS,1,NEEDS_MORE_RATINGS,16,16,0.0,0,0,16,-1.0,1.0,-1.0,-1.0,-1.0,-1.0,-1.0,-1.0,-0.75,-0.75,-1.0,-1.0,-0.375,-0.875,-0.125,88.6875,2.5
1727908135858225269,1727856952590434750,CURRENTLY_RATED_NOT_HELPFUL,0,NOT_HELPFUL,16,16,0.0,0,0,16,-1.0,1.0,-1.0,-1.0,-1.0,-1.0,-1.0,-0.625,-0.625,0.375,-1.0,0.875,-0.75,0.0,-0.875,80.25,9.1875
1729730526984990781,1729302164894539827,NEEDS_MORE_RATINGS,1,NEEDS_MORE_RATINGS,16,16,0.625,10,0,6,0.25,-0.25,0.25,0.25,0.125,-0.375,0.375,-1.0,-0.375,-0.75,-1.0,-1.0,-0.75,-0.75,-0.625,74.75,40.25
1730300933890875710,1730279570517995537,CURRENTLY_RATED_HELPFUL,2,HELPFUL,16,16,1.0,16,0,0,1.0,-1.0,1.0,0.875,1.0,0.625,0.75,-1.0,-1.0,-1.0,-1.0,-1.0,-1.0,-1.0,-1.0,80.3125,71.75
1732542078666653819,1732426176147464409,NEEDS_MORE_RATINGS,1,NEEDS_MORE_RATINGS,16,16,0.0,0,0,16,-1.0,1.0,-1.0,-1.0,-1.0,-1.0,-1.0,-0.875,-0.125,0.875,-1.0,-0.125,0.0,1.0,-1.0,72.25,12.5
1733033610716835913,1732722672885227782,CURRENTLY_RATED_NOT_HELPFUL,0,NOT_HELPFUL,16,16,0.0,0,0,16,-0.875,0.875,-1.0,-1.0,-1.0,-1.0,-0.875,-1.0,-0.875,0.375,-1.0,-1.0,-0.25,-0.625,0.25,74.0,12.25
1734000202317517219,1733848407951749254,CURRENTLY_RATED_NOT_HELPFUL,0,NOT_HELPFUL,16,16,0.0,0,0,16,-1.0,1.0,-1.0,-1.0,-1.0,-1.0,-1.0,0.0,-0.375,0.125,-1.0,-1.0,-0.75,-0.875,-1.0,56.625,11.9375
1737826355536908525,1737777566532940025,CURRENTLY_RATED_NOT_HELPFUL,0,NOT_HELPFUL,16,16,0.0,0,0,16,-1.0,1.0,-1.0,-1.0,-1.0,-1.0,-1.0,-1.0,-1.0,0.125,-1.0,0.5,0.25,-0.375,0.875,77.5,7.6875
1739357498598138236,1739023377719803991,CURRENTLY_RATED_NOT_HELPFUL,0,NOT_HELPFUL,16,16,0.0,0,0,16,-1.0,1.0,-1.0,-1.0,-1.0,-1.0,-0.375,-0.75,-0.25,1.0,-1.0,0.875,0.0,1.0,-0.875,68.0,18.625
1739386844389716040,1738584639298773300,CURRENTLY_RATED_HELPFUL,2,HELPFUL,16,16,0.0,0,0,16,-1.0,1.0,-1.0,-1.0,-0.875,-1.0,-0.75,0.875,-0.75,-0.625,-1.0,-1.0,-0.625,-1.0,-1.0,61.4375,24.1875
1742133195313717568,1742120380226027632,CURRENTLY_RATED_HELPFUL,2,HELPFUL,16,16,0.8125,13,0,3,0.625,-0.625,0.625,0.25,0.75,0.5,0.75,-1.0,-0.875,-0.625,-1.0,-1.0,-1.0,-1.0,-1.0,82.375,71.25
1743236654557483245,1743232952987795813,CURRENTLY_RATED_HELPFUL,2,HELPFUL,16,16,0.0,0,0,16,-1.0,1.0,-1.0,-1.0,-1.0,-1.0,-1.0,-0.875,-0.125,0.75,-0.875,0.875,0.75,0.0,-0.625,79.625,5.75
1744626520264466911,1744506227135045742,NEEDS_MORE_RATINGS,1,NEEDS_MORE_RATINGS,16,16,0.0,0,0,16,-1.0,1.0,-1.0,-1.0,-1.0,-1.0,-0.5,0.0,0.25,0.125,-0.875,-0.875,-0.375,-0.375,-0.875,62.1875,18.9375
1746095808770867445,1745865842141597893,CURRENTLY_RATED_NOT_HELPFUL,0,NOT_HELPFUL,16,16,0.0,0,0,16,-0.875,0.875,-1.0,-1.0,-1.0,-1.0,-1.0,-0.5,-0.5,-0.25,-1.0,-1.0,0.125,-0.375,-0.875,70.4375,18.5
1750615448721219984,1750522678849777967,NEEDS_MORE_RATINGS,1,NEEDS_MORE_RATINGS,16,16,0.8125,13,0,3,0.625,-0.625,0.625,0.625,0.625,0.125,0.5,-0.875,-0.75,-0.875,-1.0,-0.75,-1.0,-1.0,-1.0,80.0,64.625
1753666011696677344,1753601008494915754,NEEDS_MORE_RATINGS,1,NEEDS_MORE_RATINGS,16,16,0.0,0,0,16,-1.0,1.0,-1.0,-1.0,-1.0,-1.0,-0.625,-0.875,0.25,0.875,-1.0,-1.0,0.125,0.75,-1.0,68.875,17.1875
1754924556098089410,1754709737940173232,NEEDS_MORE_RATINGS,1,NEEDS_MORE_RATINGS,16,16,0.0,0,0,16,-0.875,0.875,-1.0,-1.0,-1.0,-1.0,-0.875,-0.75,0.75,0.25,-1.0,-1.0,1.0,-1.0,-1.0,82.9375,15.0
1757327650555670997,1757231295044682130,CURRENTLY_RATED_HELPFUL,2,HELPFUL,16,16,0.0,0,0,16,-0.875,0.875,-1.0,-1.0,-1.0,-1.0,-0.25,-0.875,0.5,0.25,-1.0,-0.875,1.0,-0.75,-1.0,74.0625,19.25
1758793916529184992,1758567335261061381,CURRENTLY_RATED_NOT_HELPFUL,0,NOT_HELPFUL,16,16,0.0625,1,0,15,-0.875,0.875,-0.875,-0.875,-0.875,-0.875,-0.75,-0.875,-0.25,0.375,-0.875,0.0,-0.125,0.75,-0.875,68.875,22.4375
1759322086202634270,1759286270717563281,CURRENTLY_RATED_HELPFUL,2,HELPFUL,16,16,0.0,0,0,16,-1.0,1.0,-1.0,-1.0,-1.0,-1.0,-0.625,-0.875,-0.625,0.0,-0.875,-0.875,0.625,-0.25,0.0,73.75,8.1875
1760108095475245192,1760088423375708245,CURRENTLY_RATED_HELPFUL,2,HELPFUL,16,16,0.875,14,0,2,0.75,-0.75,0.625,0.625,0.75,0.75,0.875,-1.0,-1.0,-0.875,-1.0,-1.0,-0.75,-1.0,-0.875,82.8125,65.9375
1765701269585317892,1765644789985186005,CURRENTLY_RATED_NOT_HELPFUL,0,NOT_HELPFUL,16,16,0.0,0,0,16,-1.0,1.0,-1.0,-1.0,-1.0,-1.0,-0.75,-0.875,-1.0,0.25,-0.875,-1.0,0.375,-1.0,-0.375,80.6875,5.5625
1766634314286956775,1766314798088614251,CURRENTLY_RATED_NOT_HELPFUL,0,NOT_HELPFUL,16,16,0.0,0,0,16,-1.0,1.0,-1.0,-1.0,-1.0,-1.0,-1.0,-1.0,-1.0,0.625,-0.625,0.5,0.25,-0.5,-0.75,84.5625,5.125
1767660014078935135,1766485343476297796,NEEDS_MORE_RATINGS,1,NEEDS_MORE_RATINGS,16,16,0.0,0,0,16,-1.0,1.0,-1.0,-1.0,-1.0,-1.0,-1.0,-1.0,-0.125,-0.625,-1.0,-0.75,0.75,-0.375,1.0,82.5,5.3125
1767942080255459378,1767894853902377351,CURRENTLY_RATED_NOT_HELPFUL,0,NOT_HELPFUL,16,16,0.0,0,0,16,-1.0,1.0,-1.0,-1.0,-1.0,-1.0,-0.75,-0.25,-0.875,0.0,-0.625,0.25,-0.25,0.875,-1.0,73.3125,13.8125
1769909928368443426,1769903472596439141,CURRENTLY_RATED_NOT_HELPFUL,0,NOT_HELPFUL,16,16,0.0,0,0,16,-1.0,1.0,-1.0,-1.0,-1.0,-1.0,-1.0,-1.0,-1.0,0.625,-1.0,-0.625,0.625,-0.75,-0.75,83.625,7.25
1770483687169118324,1770353600130117734,NEEDS_MORE_RATINGS,1,NEEDS_MORE_RATINGS,16,16,0.0,0,0,16,-1.0,1.0,-1.0,-1.0,-1.0,-1.0,-0.75,-0.875,-1.0,0.25,-0.75,-0.875,0.25,-0.875,-0.125,76.5,9.6875
1770688016069402691,1770595247292313992,CURRENTLY_RATED_HELPFUL,2,HELPFUL,16,16,0.9375,15,0,1,0.875,-0.875,0.875,1.0,0.875,0.875,1.0,-1.0,-1.0,-0.875,-1.0,-1.0,-0.875,-1.0,-0.875,81.875,67.75
1774033464880238830,1773666190172307669,CURRENTLY_RATED_HELPFUL,2,HELPFUL,16,16,0.8125,13,0,3,0.625,-0.625,0.625,-0.875,0.625,0.625,0.75,-0.75,-0.375,-0.75,-1.0,-1.0,-1.0,-1.0,-1.0,67.375,63.875
1774060353590051112,1773804707468730550,CURRENTLY_RATED_NOT_HELPFUL,0,NOT_HELPFUL,16,16,0.0,0,0,16,-1.0,1.0,-1.0,-1.0,-1.0,-1.0,-0.875,-0.125,-0.25,0.75,-1.0,0.5,0.0,0.625,-1.0,76.8125,13.6875
1777107524413767727,1776975848857604579,NEEDS_MORE_RATINGS,1,NEEDS_MORE_RATINGS,16,16,0.0,0,0,16,-1.0,1.0,-1.0,-1.0,-0.75,-1.0,0.0,-0.125,-0.125,0.5,-1.0,-0.75,0.0,0.0,-1.0,58.9375,31.1875
1778576257195880861,1778561550032486701,CURRENTLY_RATED_HELPFUL,2,HELPFUL,16,16,0.875,14,0,2,0.75,-0.75,0.75,0.75,0.875,0.75,0.875,-0.75,-1.0,-0.875,-1.0,-1.0,-1.0,-1.0,-1.0,82.75,75.5625
1782410213800522211,1782408205500620810,NEEDS_MORE_RATINGS,1,NEEDS_MORE_RATINGS,16,16,0.8125,13,0,3,0.625,-0.625,0.625,0.5,0.625,0.5,0.625,-0.75,-1.0,-0.875,-1.0,-1.0,-1.0,-1.0,-1.0,78.5,68.625
1783309719060582634,1783299895174246404,CURRENTLY_RATED_HELPFUL,2,HELPFUL,16,16,0.0625,1,0,15,-0.875,0.875,-0.875,-0.875,-0.875,-0.875,-0.875,-0.125,-0.25,0.375,-1.0,-1.0,-0.75,0.375,-1.0,56.5,23.5625
1784660380096004579,1784370102051213763,CURRENTLY_RATED_HELPFUL,2,HELPFUL,16,16,0.3125,5,0,11,-0.375,0.375,-0.375,-1.0,-0.375,-0.375,-0.25,-0.125,1.0,-0.375,-1.0,-1.0,-0.5,0.0,-1.0,45.875,39.25
1785604611065180401,1785210310070075892,NEEDS_MORE_RATINGS,1,NEEDS_MORE_RATINGS,16,16,0.5,8,0,8,0.0,0.0,0.0,-0.5,0.0,-0.25,0.125,-0.25,-0.875,-0.375,-1.0,-0.875,-0.875,-1.0,-1.0,67.5625,45.5625
1787225392245293169,1787195481258344566,CURRENTLY_RATED_NOT_HELPFUL,0,NOT_HELPFUL,16,16,0.125,2,0,14,-0.75,0.75,-0.75,-0.75,-0.75,-0.875,-0.875,-0.25,-0.625,-0.375,-1.0,-0.125,0.0,-0.875,-1.0,68.625,20.0625
1789347683003474284,1789338044169900080,CURRENTLY_RATED_HELPFUL,2,HELPFUL,16,16,0.25,4,0,12,-0.5,0.5,-0.5,-0.25,-0.5,-0.625,-0.25,0.0,-0.875,-0.375,-1.0,-1.0,-0.75,-0.75,-1.0,71.3125,33.0625
1792585853266481489,1792585243091734986,CURRENTLY_RATED_HELPFUL,2,HELPFUL,16,16,1.0,16,0,0,1.0,-1.0,1.0,0.875,1.0,0.875,1.0,-1.0,-1.0,-1.0,-1.0,-1.0,-1.0,-1.0,-1.0,81.625,82.875
1794746117986422851,1794393438924017781,NEEDS_MORE_RATINGS,1,NEEDS_MORE_RATINGS,16,16,0.0,0,0,16,-1.0,1.0,-1.0,-1.0,-1.0,-1.0,-1.0,-1.0,-1.0,0.375,-1.0,0.375,0.25,-0.875,-0.625,85.625,5.0
1794792476860887303,1794023945907089485,NEEDS_MORE_RATINGS,1,NEEDS_MORE_RATINGS,16,16,0.0,0,0,16,-0.875,0.875,-1.0,-1.0,-1.0,-1.0,-0.75,-0.5,-0.125,0.625,-1.0,0.625,-0.375,0.125,-1.0,69.8125,17.5625
1794924470060126358,1793699101827318151,CURRENTLY_RATED_NOT_HELPFUL,0,NOT_HELPFUL,16,16,0.0,0,0,16,-1.0,1.0,-1.0,-1.0,-1.0,-1.0,-1.0,-0.875,0.0,0.25,-0.875,1.0,-0.5,-0.875,-1.0,79.1875,14.375
1795547975382405631,1795520331081298192,CURRENTLY_RATED_HELPFUL,2,HELPFUL,16,16,0.9375,15,0,1,0.875,-0.875,0.875,-0.125,0.875,0.5,0.875,-1.0,-1.0,-0.875,-1.0,-1.0,-1.0,-1.0,-1.0,77.0,70.8125
1795794174236635517,1795587741801156786,CURRENTLY_RATED_HELPFUL,2,HELPFUL,16,16,0.4375,7,0,9,-0.125,0.125,-0.125,-0.5,-0.125,-0.25,0.25,-0.5,-0.375,-0.375,-1.0,-1.0,0.0,-0.625,-1.0,58.5625,48.6875
1798043110976692479,1797836693309100227,NEEDS_MORE_RATINGS,1,NEEDS_MORE_RATINGS,16,16,0.0,0,0,16,-1.0,1.0,-1.0,-1.0,-1.0,-1.0,-1.0,-1.0,0.375,-0.625,0.125,-1.0,0.0,0.375,-0.625,70.0,9.3125
1798636590719541686,1798364022670299286,NEEDS_MORE_RATINGS,1,NEEDS_MORE_RATINGS,16,16,0.0,0,0,16,-1.0,1.0,-1.0,-1.0,-1.0,-1.0,-0.75,-0.375,-0.625,0.125,-1.0,-0.875,0.125,1.0,0.125,70.5625,9.75
1800143657531572671,1799911951025520713,CURRENTLY_RATED_NOT_HELPFUL,0,NOT_HELPFUL,16,16,0.4375,7,0,9,0.0,0.0,-0.125,-1.0,-0.375,-0.875,-0.25,-0.625,-1.0,-0.25,-1.0,-1.0,-0.75,-1.0,0.125,78.25,23.5
1800996956623315169,1800917317049782613,CURRENTLY_RATED_NOT_HELPFUL,0,NOT_HELPFUL,16,16,0.0,0,0,16,-1.0,1.0,-1.0,-1.0,-1.0,-1.0,-0.5,-0.875,-0.625,0.0,-1.0,-1.0,0.5,-0.5,0.75,72.75,8.125
1801260921223815243,1800944754508628090,CURRENTLY_RATED_NOT_HELPFUL,0,NOT_HELPFUL,16,16,0.0,0,0,16,-1.0,1.0,-1.0,-1.0,-1.0,-1.0,-1.0,0.125,-0.125,0.25,-1.0,-0.875,0.0,-0.25,-1.0,73.75,16.5
1804884748566737113,1804110253530788350,CURRENTLY_RATED_HELPFUL,2,HELPFUL,16,16,0.125,2,0,14,-0.75,0.75,-0.875,-0.875,-0.75,-0.75,-0.75,-0.375,-0.5,0.625,-1.0,-1.0,-0.625,-0.875,-1.0,75.5625,20.25
1811445367885422919,1811113699098198400,CURRENTLY_RATED_NOT_HELPFUL,0,NOT_HELPFUL,16,16,0.0,0,0,16,-0.5,0.5,-1.0,-1.0,-1.0,-1.0,-0.875,-1.0,-1.0,0.625,-1.0,1.0,0.75,-0.75,0.875,80.3125,5.3125
1811969008696234445,1809281180866421217,NEEDS_MORE_RATINGS,1,NEEDS_MORE_RATINGS,16,16,0.0,0,0,16,-1.0,1.0,-1.0,-1.0,-1.0,-1.0,-0.875,-0.875,0.625,0.375,-1.0,-1.0,0.375,-1.0,-0.5,76.125,11.375
1812231189211807864,1812120818287002092,NEEDS_MORE_RATINGS,1,NEEDS_MORE_RATINGS,16,16,0.375,6,0,10,-0.25,0.25,-0.25,-0.125,-0.25,-0.375,0.125,-0.75,-0.75,-0.375,-1.0,-1.0,-0.375,-1.0,-0.875,63.5625,36.375
1812403788319240349,1812340577477726610,CURRENTLY_RATED_HELPFUL,2,HELPFUL,16,16,0.5625,9,0,7,0.125,-0.125,0.125,-0.125,0.125,0.125,0.0,-0.5,-0.625,-0.625,-1.0,-1.0,-0.875,-1.0,-1.0,64.25,53.375
1815809860186853661,1815755371941613578,CURRENTLY_RATED_NOT_HELPFUL,0,NOT_HELPFUL,16,16,0.0,0,0,16,-1.0,1.0,-1.0,-1.0,-1.0,-1.0,-1.0,-0.875,-0.125,0.5,-1.0,0.625,0.625,-0.5,-0.875,79.1875,6.625
1815843856752984463,1815757004473778229,NEEDS_MORE_RATINGS,1,NEEDS_MORE_RATINGS,16,16,0.0,0,0,16,-1.0,1.0,-1.0,-1.0,-1.0,-1.0,-0.75,-1.0,0.125,0.0,-0.75,-1.0,-0.625,-0.875,0.0,72.5,9.8125
1817381251386417564,1817357805491277909,NEEDS_MORE_RATINGS,1,NEEDS_MORE_RATINGS,16,16,0.0,0,0,16,-1.0,1.0,-1.0,-1.0,-1.0,-1.0,-0.875,-0.25,0.0,-0.5,-1.0,-1.0,-0.25,0.5,-0.75,40.5625,13.25
1817569006569795836,1817447109961912597,NEEDS_MORE_RATINGS,1,NEEDS_MORE_RATINGS,16,16,0.0625,1,0,15,-0.875,0.875,-0.875,-1.0,-0.875,-0.875,-0.625,-0.625,0.25,0.5,-1.0,0.875,-0.875,0.25,-1.0,56.0,24.0
1818986151052485012,1818948659180130767,CURRENTLY_RATED_HELPFUL,2,HELPFUL,16,16,0.0,0,0,16,-1.0,1.0,-1.0,-1.0,-1.0,-1.0,-1.0,-0.875,-0.125,0.0,-1.0,-1.0,0.125,-1.0,-0.875,73.75,20.875
1819110954136715289,1819082752479973587,CURRENTLY_RATED_NOT_HELPFUL,0,NOT_HELPFUL,16,16,0.0,0,0,16,-1.0,1.0,-1.0,-1.0,-1.0,-1.0,-0.875,0.75,-0.875,-0.375,-1.0,0.125,-0.125,0.875,-1.0,85.375,7.125
1820825526916784135,1819995718586716573,CURRENTLY_RATED_NOT_HELPFUL,0,NOT_HELPFUL,16,16,0.0,0,0,16,-1.0,1.0,-1.0,-1.0,-1.0,-1.0,-1.0,-0.75,-0.5,0.25,-0.75,-0.875,0.875,-1.0,-0.625,82.6875,5.9375
1825517450684702848,1824814117548667292,CURRENTLY_RATED_NOT_HELPFUL,0,NOT_HELPFUL,16,16,0.25,4,0,12,-0.25,0.25,-0.5,-0.75,-0.5,-0.625,0.0,-0.5,-0.375,0.25,-1.0,-0.75,-0.625,-0.625,-1.0,70.125,31.9375
1828585827502563731,1828477366961615336,CURRENTLY_RATED_HELPFUL,2,HELPFUL,16,16,0.9375,15,0,1,0.875,-0.875,0.875,0.875,0.875,0.875,0.875,-0.875,-0.875,-0.875,-1.0,-1.0,-0.875,-0.875,-1.0,77.0,77.4375
1828628200743936388,1828407883987599725,CURRENTLY_RATED_NOT_HELPFUL,0,NOT_HELPFUL,16,16,0.0,0,0,16,-1.0,1.0,-1.0,-1.0,-1.0,-1.0,-0.875,-0.625,-0.375,0.5,-0.875,0.75,-0.25,1.0,-1.0,61.0625,15.9375
1828762307213873364,1826645861616812390,CURRENTLY_RATED_NOT_HELPFUL,0,NOT_HELPFUL,16,16,0.0,0,0,16,-1.0,1.0,-1.0,-1.0,-1.0,-1.0,-0.125,-0.875,0.0,0.625,-0.75,-0.5,0.375,-0.625,-0.625,70.5625,17.875
1828821696666579353,1828524128590045283,NEEDS_MORE_RATINGS,1,NEEDS_MORE_RATINGS,16,16,0.0,0,0,16,-1.0,1.0,-1.0,-1.0,-1.0,-1.0,-1.0,-1.0,-1.0,-0.125,-1.0,0.875,0.625,-1.0,-0.625,83.125,5.9375
1829373045145800984,1829260065150578847,CURRENTLY_RATED_HELPFUL,2,HELPFUL,16,16,0.6875,11,0,5,0.375,-0.375,0.375,-0.875,0.375,0.375,0.625,-0.75,0.5,-0.625,-1.0,-1.0,-1.0,-1.0,-1.0,69.375,65.625
1829943819363631227,1829920065417785673,NEEDS_MORE_RATINGS,1,NEEDS_MORE_RATINGS,16,16,0.25,4,0,12,-0.5,0.5,-0.625,-1.0,-0.5,-0.875,-0.5,-1.0,-0.75,-0.375,-1.0,-1.0,-0.625,-1.0,0.25,82.625,15.8125
1832244208574275837,1832189981474820430,NEEDS_MORE_RATINGS,1,NEEDS_MORE_RATINGS,16,16,0.0,0,0,16,-1.0,1.0,-1.0,-1.0,-1.0,-1.0,-1.0,-0.875,0.875,-0.25,-0.875,0.75,0.625,1.0,-1.0,75.625,18.9375
1833823377364042144,1833630027084402791,CURRENTLY_RATED_NOT_HELPFUL,0,NOT_HELPFUL,16,16,0.0,0,0,16,-1.0,1.0,-1.0,-1.0,-1.0,-1.0,-0.375,0.25,-0.125,0.375,-1.0,-0.5,-0.625,0.75,-0.875,68.75,18.0
1838036772737216926,1837688474809315748,CURRENTLY_RATED_NOT_HELPFUL,0,NOT_HELPFUL,16,16,0.6875,11,0,5,0.375,-0.375,0.25,-0.875,0.375,-0.5,0.625,-0.875,-0.875,-0.875,-1.0,-1.0,-1.0,-0.875,-0.375,78.6875,43.25
1839628845361623125,1839267101875298469,CURRENTLY_RATED_HELPFUL,2,HELPFUL,16,16,0.9375,15,0,1,0.875,-0.875,0.875,0.5,0.875,0.875,1.0,-0.875,-1.0,-0.875,-1.0,-1.0,-1.0,-0.875,-1.0,71.125,77.1875
1840699628250947613,1840579797946159579,CURRENTLY_RATED_NOT_HELPFUL,0,NOT_HELPFUL,16,16,0.9375,15,0,1,0.875,-0.875,0.875,-0.75,0.875,-0.25,1.0,-0.875,-0.625,-0.875,-1.0,-1.0,-1.0,-1.0,-1.0,83.9375,59.0625
1840835084200656968,1840746760014098822,CURRENTLY_RATED_HELPFUL,2,HELPFUL,16,16,1.0,16,0,0,1.0,-1.0,1.0,0.875,1.0,0.375,1.0,-1.0,-0.875,-1.0,-1.0,-1.0,-1.0,-1.0,-1.0,84.125,75.5
1841290597363245254,1811483384608080242,NEEDS_MORE_RATINGS,1,NEEDS_MORE_RATINGS,16,16,0.0,0,0,16,-1.0,1.0,-1.0,-1.0,-1.0,-1.0,-1.0,-0.5,0.375,0.75,-1.0,1.0,0.625,0.75,-1.0,77.0,13.3125
1843699271004238208,1843275088914678128,CURRENTLY_RATED_NOT_HELPFUL,0,NOT_HELPFUL,16,16,0.0,0,0,16,-1.0,1.0,-1.0,-1.0,-1.0,-1.0,-0.75,-0.75,-0.75,0.125,-1.0,-0.375,-0.375,0.875,-1.0,71.0625,16.5625
1844134029924368436,1844125986834743793,CURRENTLY_RATED_HELPFUL,2,HELPFUL,16,16,1.0,16,0,0,1.0,-1.0,1.0,-0.75,1.0,0.75,1.0,-1.0,-0.5,-1.0,-1.0,-1.0,-1.0,-1.0,-1.0,80.625,88.5
1845529637469765960,1845405769904136437,NEEDS_MORE_RATINGS,1,NEEDS_MORE_RATINGS,16,16,0.0625,1,0,15,-0.875,0.875,-0.875,-1.0,-0.875,-0.875,-1.0,-0.625,-0.375,0.625,-1.0,0.125,0.0,0.0,-1.0,66.1875,20.8125
1845822876580303287,1845764960908910849,NEEDS_MORE_RATINGS,1,NEEDS_MORE_RATINGS,16,16,0.0,0,0,16,-1.0,1.0,-1.0,-1.0,-1.0,-1.0,-1.0,-1.0,0.75,0.75,-1.0,-1.0,-0.75,-0.75,-1.0,66.1875,21.9375
1847016642028491001,1846991607108981049,NEEDS_MORE_RATINGS,1,NEEDS_MORE_RATINGS,16,16,0.125,2,0,14,-0.75,0.75,-0.75,-0.375,-0.75,-0.875,0.0,-0.375,-0.5,0.375,-1.0,-1.0,-0.75,-1.0,-0.875,69.6875,29.375
1851546068552659455,1744236341217394716,NEEDS_MORE_RATINGS,1,NEEDS_MORE_RATINGS,16,16,0.0,0,0,16,-1.0,1.0,-1.0,-1.0,-1.0,-1.0,-0.875,-0.875,-0.25,0.125,-1.0,-1.0,0.25,-0.875,0.375,70.375,7.6875
1852468134218789186,1852364990788829503,NEEDS_MORE_RATINGS,1,NEEDS_MORE_RATINGS,16,16,0.0,0,0,16,-1.0,1.0,-1.0,-0.5,-1.0,-1.0,-0.5,-0.125,-1.0,0.5,-1.0,-1.0,-0.25,-1.0,-1.0,67.5625,18.6875
1858301061670260869,1858288577601298532,CURRENTLY_RATED_NOT_HELPFUL,0,NOT_HELPFUL,16,16,0.0,0,0,16,-1.0,1.0,-1.0,-1.0,-1.0,-1.0,-0.625,-0.5,0.0,0.5,-1.0,0.875,-0.125,1.0,-1.0,76.5,19.5
1861351884843343882,1860503605066764772,CURRENTLY_RATED_HELPFUL,2,HELPFUL,16,16,0.0,0,0,16,-1.0,1.0,-1.0,-0.875,-1.0,-1.0,-0.75,0.125,-0.625,0.375,-0.875,-0.875,-0.75,-0.875,-1.0,72.625,19.125
1864956687465029863,1864486553612947741,CURRENTLY_RATED_NOT_HELPFUL,0,NOT_HELPFUL,16,16,0.0,0,0,16,-1.0,1.0,-1.0,-1.0,-1.0,-1.0,-0.875,0.125,-0.375,0.75,-0.75,0.5,-0.75,0.0,-1.0,73.5625,10.0625
1865595558443851957,1865001641746846104,CURRENTLY_RATED_NOT_HELPFUL,0,NOT_HELPFUL,16,16,0.0,0,0,16,-1.0,1.0,-1.0,-1.0,-1.0,-1.0,-0.75,-0.125,-0.875,-0.625,-0.875,-1.0,-0.25,-0.25,0.375,76.1875,6.375
1866157771504165347,1866148370110193703,NEEDS_MORE_RATINGS,1,NEEDS_MORE_RATINGS,16,16,0.0,0,0,16,-0.875,0.875,-1.0,-1.0,-1.0,-1.0,-0.625,-0.625,0.875,0.375,-1.0,-1.0,-0.75,-0.875,-1.0,64.375,16.0625
1866842002530164767,1866761412892328292,CURRENTLY_RATED_HELPFUL,2,HELPFUL,16,16,0.875,14,0,2,0.75,-0.75,0.75,-0.5,0.75,0.125,0.875,-0.875,-0.625,-0.875,-1.0,-1.0,-1.0,-1.0,-1.0,72.4375,72.1875
1867228729363091932,1866846824281366738,NEEDS_MORE_RATINGS,1,NEEDS_MORE_RATINGS,16,16,0.0,0,0,16,-1.0,1.0,-1.0,-1.0,-1.0,-1.0,-1.0,-0.375,-0.625,-0.125,-0.875,0.5,-0.375,1.0,-0.75,67.5,14.8125
1869734202650001820,1869580413246574777,CURRENTLY_RATED_HELPFUL,2,HELPFUL,16,16,0.75,12,0,4,0.5,-0.5,0.5,0.375,0.5,0.5,0.625,-1.0,-0.75,-0.625,-1.0,-1.0,-0.875,-0.75,-1.0,79.125,70.3125
1870078468928495717,1679485139259363332,CURRENTLY_RATED_NOT_HELPFUL,0,NOT_HELPFUL,16,16,0.0,0,0,16,-1.0,1.0,-1.0,-1.0,-1.0,-1.0,-0.75,0.25,-0.125,0.0,-1.0,-1.0,0.75,-0.625,-0.875,76.75,13.125
1872233009933647912,1871846613561557266,CURRENTLY_RATED_NOT_HELPFUL,0,NOT_HELPFUL,16,16,0.0,0,0,16,-1.0,1.0,-1.0,-1.0,-1.0,-1.0,-1.0,-1.0,-0.875,0.125,-0.875,-1.0,1.0,-0.875,1.0,83.8125,9.375
1872244241033838894,1871274904143737176,CURRENTLY_RATED_NOT_HELPFUL,0,NOT_HELPFUL,16,16,0.375,6,0,10,-0.25,0.25,-0.25,-0.5,-0.25,-0.75,0.25,-0.625,0.25,-0.25,-1.0,-1.0,-0.5,-1.0,-0.375,72.75,31.5
1873282904114987375,1873280169114517868,CURRENTLY_RATED_HELPFUL,2,HELPFUL,16,16,0.3125,5,0,11,-0.375,0.375,-0.375,-1.0,-0.375,-0.5,-0.25,-0.75,0.0,0.0,-1.0,-1.0,-0.875,-0.875,-0.625,62.75,28.1875
1877573091041136799,1706373084327055843,NEEDS_MORE_RATINGS,1,NEEDS_MORE_RATINGS,16,16,0.0,0,0,16,-1.0,1.0,-1.0,-0.875,-1.0,-1.0,-0.875,-0.625,-0.25,0.25,-1.0,0.125,0.125,-0.125,-0.5,58.875,11.625
1878369249816928454,1878240880404136228,CURRENTLY_RATED_HELPFUL,2,HELPFUL,16,16,0.0625,1,0,15,-0.875,0.875,-0.875,-0.75,-0.875,-0.875,-0.5,-0.5,-0.875,0.25,-0.625,-0.75,-0.125,-0.875,-0.125,58.0,18.9375
1880419354979815646,1880126254596386847,NEEDS_MORE_RATINGS,1,NEEDS_MORE_RATINGS,16,16,0.25,4,0,12,-0.5,0.5,-0.5,-0.875,-0.5,-0.5,-0.375,-0.625,0.125,0.0,-1.0,0.0,-0.75,-0.875,-1.0,68.375,34.1875
1882726462463033399,1882723472750858431,CURRENTLY_RATED_HELPFUL,2,HELPFUL,16,16,0.0,0,0,16,-1.0,1.0,-1.0,-1.0,-1.0,-1.0,-1.0,0.625,-0.125,-0.375,-1.0,1.0,-0.625,-0.75,-1.0,56.3125,22.125
1885086159988019390,1884804048764739944,NEEDS_MORE_RATINGS,1,NEEDS_MORE_RATINGS,16,16,0.875,14,0,2,0.75,-0.75,0.75,0.625,0.75,0.625,0.875,-1.0,-0.875,-0.75,-1.0,-1.0,-1.0,-0.75,-1.0,78.125,66.5
1886088960448905349,1886051954272747544,CURRENTLY_RATED_NOT_HELPFUL,0,NOT_HELPFUL,16,16,0.0,0,0,16,-1.0,1.0,-1.0,-1.0,-1.0,-1.0,-0.875,-0.5,-0.75,0.25,-1.0,-0.75,-0.25,0.625,-1.0,72.25,17.5625
1887773601916448792,1887488479853969485,CURRENTLY_RATED_NOT_HELPFUL,0,NOT_HELPFUL,16,16,0.0,0,0,16,-1.0,1.0,-1.0,-1.0,-1.0,-1.0,-1.0,-0.25,-1.0,-0.625,-0.75,-0.25,0.625,0.375,1.0,85.875,4.9375
1888964838384394370,1888962705140150764,CURRENTLY_RATED_HELPFUL,2,HELPFUL,16,16,1.0,16,0,0,1.0,-1.0,1.0,-0.625,0.5,0.5,1.0,-1.0,0.25,-1.0,-1.0,-1.0,-1.0,-0.75,-1.0,67.375,72.25
1890145104062738738,1890127699219476508,CURRENTLY_RATED_HELPFUL,2,HELPFUL,16,16,0.0,0,0,16,-1.0,1.0,-1.0,-1.0,-1.0,-1.0,-1.0,-0.75,-1.0,-0.375,-1.0,-1.0,0.25,-0.875,-0.5,74.1875,11.5
1890534513446404206,1890372542495375453,CURRENTLY_RATED_HELPFUL,2,HELPFUL,16,16,0.0,0,0,16,-1.0,1.0,-1.0,-1.0,-1.0,-1.0,-0.375,-0.875,0.25,0.875,-1.0,-0.75,0.875,-0.375,-1.0,74.625,20.3125
1891626984427618805,1891568785225654531,NEEDS_MORE_RATINGS,1,NEEDS_MORE_RATINGS,16,16,0.6875,11,0,5,0.375,-0.375,0.375,0.375,0.375,-0.25,0.5,-0.625,-0.875,-0.625,-1.0,-1.0,-0.875,-1.0,-1.0,76.75,52.1875
1892074786316013845,1891946377904627867,NEEDS_MORE_RATINGS,1,NEEDS_MORE_RATINGS,16,16,0.0,0,0,16,-1.0,1.0,-1.0,-0.875,-1.0,-0.875,-1.0,-0.125,-0.375,0.375,-1.0,0.5,0.625,-0.125,-1.0,68.625,19.0
1892293780109422954,1892242622623699357,CURRENTLY_RATED_NOT_HELPFUL,0,NOT_HELPFUL,16,16,0.0,0,0,16,-1.0,1.0,-1.0,-1.0,-1.0,-1.0,-1.0,-1.0,-0.75,0.25,-1.0,0.75,0.375,-0.875,0.125,80.5625,5.0
1892386149215166476,1891923697998450994,CURRENTLY_RATED_NOT_HELPFUL,0,NOT_HELPFUL,16,16,0.0,0,0,16,-1.0,1.0,-1.0,-1.0,-1.0,-1.0,-1.0,0.125,0.0,0.375,-0.75,-0.875,0.125,0.125,-0.625,72.3125,8.75
1893762861186633783,1893480087141470655,CURRENTLY_RATED_NOT_HELPFUL,0,NOT_HELPFUL,16,16,0.0,0,0,16,-1.0,1.0,-1.0,-1.0,-1.0,-1.0,-0.625,-1.0,0.375,0.125,-0.625,-1.0,0.75,0.875,-0.875,76.625,8.6875
1893992441830899774,1893942575142220250,CURRENTLY_RATED_HELPFUL,2,HELPFUL,16,16,0.9375,15,0,1,0.875,-0.875,0.875,0.875,0.875,0.75,0.875,-0.875,-1.0,-1.0,-1.0,-1.0,-1.0,-1.0,-1.0,80.625,76.4375
1895290873270936012,1895260307813277933,CURRENTLY_RATED_HELPFUL,2,HELPFUL,16,16,0.0,0,0,16,-1.0,1.0,-1.0,-1.0,-1.0,-1.0,-0.75,-0.25,-0.375,0.0,-1.0,-1.0,-0.25,-0.75,-0.875,60.25,17.3125
1895731491218604408,1895647240561303739,CURRENTLY_RATED_NOT_HELPFUL,0,NOT_HELPFUL,16,16,0.0,0,0,16,-1.0,1.0,-1.0,-1.0,-1.0,-1.0,-0.875,-1.0,-0.625,-0.625,-1.0,-0.625,-0.125,0.125,0.875,82.75,4.6875
1897629307620692182,1897153641905316133,CURRENTLY_RATED_NOT_HELPFUL,0,NOT_HELPFUL,16,16,0.0,0,0,16,-1.0,1.0,-1.0,-1.0,-1.0,-1.0,-0.5,0.125,-0.25,0.5,-1.0,0.875,0.125,0.5,-1.0,64.4375,21.4375
1897781894584164422,1897667738341884258,CURRENTLY_RATED_NOT_HELPFUL,0,NOT_HELPFUL,16,16,0.0,0,0,16,-1.0,1.0,-1.0,-1.0,-1.0,-1.0,-0.625,-0.875,0.375,0.125,-1.0,-1.0,-0.75,-0.875,-0.875,77.6875,19.0625
1899923606164967746,1899608675473379351,NEEDS_MORE_RATINGS,1,NEEDS_MORE_RATINGS,16,16,0.0,0,0,16,-1.0,1.0,-1.0,-1.0,-1.0,-1.0,-0.875,-0.5,0.25,0.625,-1.0,-0.25,0.75,0.125,-0.875,63.4375,19.1875
1900040789624868983,1899732439620104203,CURRENTLY_RATED_NOT_HELPFUL,0,NOT_HELPFUL,16,16,0.0,0,0,16,-1.0,1.0,-1.0,-1.0,-1.0,-1.0,-1.0,-0.625,0.875,-0.625,-1.0,-1.0,-0.625,-1.0,0.0,84.5625,8.1875
1900096092277969166,1899947340259062037,CURRENTLY_RATED_HELPFUL,2,HELPFUL,16,16,0.0,0,0,16,-1.0,1.0,-1.0,-1.0,-1.0,-1.0,-1.0,-1.0,-0.25,0.125,-1.0,-0.125,0.25,0.625,-0.875,62.9375,14.375
1902118076092707237,1902053601330987105,NEEDS_MORE_RATINGS,1,NEEDS_MORE_RATINGS,16,16,0.0,0,0,16,-1.0,1.0,-1.0,-1.0,-1.0,-1.0,-0.875,-1.0,-0.25,-0.125,-1.0,-0.75,0.625,-0.625,0.25,84.5,5.375
1905606688742293949,1905586974313881889,CURRENTLY_RATED_HELPFUL,2,HELPFUL,16,16,0.625,10,0,6,0.25,-0.25,0.25,-0.375,0.375,0.375,0.5,-0.625,-0.375,-0.5,-1.0,-1.0,-1.0,-1.0,-1.0,71.625,56.1875
1909842610866291196,1909143591672336538,NEEDS_MORE_RATINGS,1,NEEDS_MORE_RATINGS,16,16,0.3125,5,0,11,-0.375,0.375,-0.375,-1.0,-0.5,-0.5,0.125,-0.125,0.5,-0.375,-1.0,-1.0,-0.75,0.0,-1.0,57.25,32.625
1910094551337070846,1910032001609965705,CURRENTLY_RATED_HELPFUL,2,HELPFUL,16,16,0.5625,9,0,7,0.125,-0.125,0.125,-0.375,0.125,-0.125,0.375,-0.875,-0.875,-0.25,-1.0,-1.0,-0.75,-1.0,-0.875,69.4375,50.375
1910999968149656020,1910747602292797575,CURRENTLY_RATED_NOT_HELPFUL,0,NOT_HELPFUL,16,16,0.0,0,0,16,-0.875,0.875,-1.0,-1.0,-1.0,-1.0,-1.0,-1.0,-1.0,0.125,-1.0,0.75,0.25,-0.125,-0.875,85.625,4.8125
1913666813826888169,1913053231674277937,CURRENTLY_RATED_NOT_HELPFUL,0,NOT_HELPFUL,16,16,0.0,0,0,16,-0.875,0.875,-1.0,-1.0,-1.0,-1.0,-1.0,-1.0,-1.0,-0.75,-1.0,0.125,0.375,-0.875,0.625,83.5,5.4375
1917493232541339800,1917292810790916416,CURRENTLY_RATED_NOT_HELPFUL,0,NOT_HELPFUL,16,16,0.0,0,0,16,-1.0,1.0,-1.0,-1.0,-1.0,-1.0,-0.875,-0.875,-1.0,-0.25,-1.0,-1.0,0.25,0.375,-0.125,79.5625,5.5
1921236913203118149,1921188620452393411,NEEDS_MORE_RATINGS,1,NEEDS_MORE_RATINGS,16,16,0.0,0,0,16,-1.0,1.0,-1.0,-1.0,-1.0,-1.0,-0.875,-0.75,0.75,0.5,-0.75,-0.625,-0.75,0.25,-0.875,68.1875,19.4375
1922069643554128226,1922056753119650023,CURRENTLY_RATED_HELPFUL,2,HELPFUL,16,16,0.6875,11,0,5,0.375,-0.375,0.375,-1.0,0.375,0.25,0.625,-0.375,0.125,-0.5,-1.0,-1.0,-1.0,-0.625,-1.0,62.875,62.375
1922183620057288769,1921998123934622067,CURRENTLY_RATED_HELPFUL,2,HELPFUL,16,16,0.0,0,0,16,-1.0,1.0,-1.0,-1.0,-1.0,-1.0,-1.0,-1.0,-1.0,0.75,-1.0,-1.0,0.875,-1.0,-0.625,82.375,6.4375
1922576207964426303,1922553167868240378,CURRENTLY_RATED_HELPFUL,2,HELPFUL,16,16,0.5625,9,0,7,0.125,-0.125,0.125,0.125,0.25,0.125,0.375,-1.0,-0.375,-0.375,-1.0,-0.875,-1.0,-0.875,-0.875,69.8125,56.3125
1924316063153479847,1924235549784576232,CURRENTLY_RATED_HELPFUL,2,HELPFUL,16,16,0.875,14,0,2,0.75,-0.75,0.75,0.375,0.75,0.75,0.75,-0.875,-0.875,-0.875,-1.0,-0.875,-0.875,-0.875,-1.0,76.75,75.625
1931974469498581095,1928167573587141040,NEEDS_MORE_RATINGS,1,NEEDS_MORE_RATINGS,16,16,0.1875,3,0,13,-0.625,0.625,-0.625,-1.0,-0.625,-0.75,-0.5,-0.75,0.125,0.375,-1.0,-1.0,-0.5,-0.75,-1.0,63.25,32.0625
1932164766962716726,1932161764592161101,CURRENTLY_RATED_NOT_HELPFUL,0,NOT_HELPFUL,16,16,0.0,0,0,16,-1.0,1.0,-1.0,-1.0,-1.0,-1.0,-1.0,-0.75,0.125,0.75,-1.0,1.0,-0.125,-0.625,-1.0,76.875,13.125
1932913976251175071,1932768401627152550,CURRENTLY_RATED_HELPFUL,2,HELPFUL,16,16,0.5625,9,0,7,0.125,-0.125,0.125,0.25,0.125,0.125,0.375,-0.875,-0.75,-0.375,-1.0,-1.0,-0.875,-0.875,-0.875,75.0625,46.375
1934461572446826985,1934253142624923776,CURRENTLY_RATED_HELPFUL,2,HELPFUL,16,16,0.0,0,0,16,-1.0,1.0,-1.0,-1.0,-1.0,-1.0,-0.875,-0.875,0.75,0.75,-1.0,-0.75,0.0,0.75,-1.0,67.0,20.625
1935769448415129996,1935763557779374325,CURRENTLY_RATED_HELPFUL,2,HELPFUL,16,16,0.0,0,0,16,-1.0,1.0,-1.0,-1.0,-1.0,-1.0,-0.875,-0.375,0.75,0.375,-1.0,-1.0,0.625,-1.0,-1.0,74.4375,10.4375
1937565174170370148,1937464932787785951,CURRENTLY_RATED_HELPFUL,2,HELPFUL,16,16,0.625,10,0,6,0.25,-0.25,0.25,-0.5,0.25,0.125,0.875,-0.75,0.25,-0.5,-1.0,-1.0,-0.625,-1.0,-1.0,68.0,48.1875
1939672155081384366,1939627080452640834,NEEDS_MORE_RATINGS,1,NEEDS_MORE_RATINGS,16,16,0.125,2,0,14,-0.75,0.75,-0.75,-0.75,-0.625,-0.75,-0.5,0.125,-0.625,-0.5,-1.0,-1.0,0.0,-0.75,-0.625,64.4375,24.75
1944409734620274865,1944349241771692159,NEEDS_MORE_RATINGS,1,NEEDS_MORE_RATINGS,16,16,0.375,6,0,10,-0.25,0.25,-0.25,0.0,-0.25,-0.125,0.125,-0.625,-0.375,-0.125,-1.0,-0.875,-0.375,-0.875,-1.0,65.0625,41.1875
1945613075379302477,1945510049087938884,CURRENTLY_RATED_HELPFUL,2,HELPFUL,16,16,0.0,0,0,16,-1.0,1.0,-1.0,-1.0,-1.0,-1.0,-1.0,-0.125,-0.625,0.375,-1.0,-1.0,-0.375,-0.875,-0.875,66.3125,15.5
1947718064629338493,1947422101352419796,NEEDS_MORE_RATINGS,1,NEEDS_MORE_RATINGS,16,16,0.0,0,0,16,-1.0,1.0,-1.0,-1.0,-1.0,-1.0,-0.625,-0.75,-0.875,0.25,-1.0,-1.0,0.125,-0.875,0.125,77.0625,8.875
1949000915349905752,1948764496903762045,NEEDS_MORE_RATINGS,1,NEEDS_MORE_RATINGS,16,16,0.5625,9,0,7,0.0,0.0,0.125,0.5,0.375,-0.125,0.75,-0.375,-0.75,-0.375,-1.0,-1.0,-1.0,-0.875,-1.0,70.0625,51.375
1953717281046884388,1953569886636323274,NEEDS_MORE_RATINGS,1,NEEDS_MORE_RATINGS,16,16,0.0,0,0,16,-1.0,1.0,-1.0,-1.0,-1.0,-1.0,-1.0,-0.875,0.625,0.75,-1.0,0.625,0.125,-0.125,-1.0,72.625,14.375
1954473999141880152,1954438812651663475,CURRENTLY_RATED_NOT_HELPFUL,0,NOT_HELPFUL,16,16,0.0,0,0,16,-1.0,1.0,-1.0,-1.0,-1.0,-1.0,-1.0,-0.75,0.125,0.5,-1.0,1.0,0.75,1.0,-1.0,77.875,6.75
1954771396392783903,1954675542424506759,CURRENTLY_RATED_HELPFUL,2,HELPFUL,16,16,0.125,2,0,14,-0.75,0.75,-0.75,-0.5,-0.75,-0.875,-0.5,-1.0,0.125,0.25,-1.0,-0.875,-0.5,0.125,-0.75,65.125,24.5
1956227974576980231,1955633818875908149,NEEDS_MORE_RATINGS,1,NEEDS_MORE_RATINGS,16,16,0.0,0,0,16,-1.0,1.0,-1.0,-1.0,-1.0,-1.0,-1.0,-0.625,0.5,0.375,-1.0,-0.25,0.875,-0.25,-0.75,83.375,4.6875
1957059791236239494,1956758502807847033,CURRENTLY_RATED_NOT_HELPFUL,0,NOT_HELPFUL,16,16,0.0,0,0,16,-1.0,1.0,-1.0,-1.0,-1.0,-1.0,-0.75,-0.75,0.0,0.625,-1.0,-0.125,0.125,0.25,-0.75,64.6875,16.5
1961531287287869478,1961439931089236307,NEEDS_MORE_RATINGS,1,NEEDS_MORE_RATINGS,16,16,0.0,0,0,16,-1.0,1.0,-1.0,-1.0,-0.75,-1.0,-0.375,0.75,0.875,-0.125,-0.875,-1.0,-0.25,-0.875,-1.0,52.875,18.8125
1962682319627542774,1962517084774203408,NEEDS_MORE_RATINGS,1,NEEDS_MORE_RATINGS,16,16,0.5,8,0,8,0.0,0.0,0.0,-1.0,0.0,0.0,0.25,-0.125,-0.125,-0.25,-1.0,-1.0,-0.75,-0.25,-0.875,62.625,51.125
1972858901914964099,1972124963982528646,NEEDS_MORE_RATINGS,1,NEEDS_MORE_RATINGS,16,16,0.0,0,0,16,-1.0,1.0,-1.0,-0.875,-1.0,-1.0,-0.25,0.0,0.625,0.5,-1.0,-0.75,-0.625,0.375,-1.0,53.875,24.3125
1974471476297207954,1974390542206484485,CURRENTLY_RATED_NOT_HELPFUL,0,NOT_HELPFUL,16,16,0.0625,1,0,15,-0.875,0.875,-0.875,-1.0,-0.875,-0.875,-0.75,0.25,0.25,0.25,-1.0,0.875,-0.75,0.625,-1.0,50.375,23.625
1977091123081318521,1977081433534742723,NEEDS_MORE_RATINGS,1,NEEDS_MORE_RATINGS,16,16,0.0,0,0,16,-1.0,1.0,-1.0,-1.0,-1.0,-1.0,-1.0,0.375,-0.625,0.625,-1.0,0.5,0.0,-0.625,-1.0,79.75,13.5
1977805770311029183,1976315088652075150,CURRENTLY_RATED_HELPFUL,2,HELPFUL,16,16,0.625,10,0,6,0.25,-0.25,0.25,0.375,0.125,0.0,0.5,-0.75,-0.75,-0.75,-1.0,-0.875,-1.0,-1.0,-1.0,75.75,50.75
1980751288334725344,1980555228941558038,NEEDS_MORE_RATINGS,1,NEEDS_MORE_RATINGS,16,16,0.625,10,0,6,0.25,-0.25,0.125,-1.0,0.125,0.25,0.375,-0.875,0.0,-0.25,-1.0,-1.0,-0.875,0.125,-1.0,59.9375,49.375
1981211832955392052,1980907223858790432,CURRENTLY_RATED_NOT_HELPFUL,0,NOT_HELPFUL,16,16,0.0,0,0,16,-1.0,1.0,-1.0,-1.0,-1.0,-1.0,-0.5,-1.0,-1.0,0.625,-0.75,0.75,-0.125,0.375,0.75,73.5625,13.5
1981211991189422134,1980924564034220427,CURRENTLY_RATED_NOT_HELPFUL,0,NOT_HELPFUL,16,16,0.0,0,0,16,-1.0,1.0,-1.0,-1.0,-1.0,-1.0,-1.0,-0.625,-0.875,-0.25,-0.875,0.875,-0.875,1.0,-0.375,71.0,11.625
1983009392485142929,1982840033246937143,CURRENTLY_RATED_HELPFUL,2,HELPFUL,16,16,0.5,8,0,8,0.0,0.0,0.0,-1.0,0.0,-0.375,0.0,-0.875,0.0,-0.25,-1.0,-0.875,-0.75,-0.75,-1.0,64.375,43.1875
1983260570775388570,1982764861974081639,NEEDS_MORE_RATINGS,1,NEEDS_MORE_RATINGS,16,16,0.875,14,0,2,0.75,-0.75,0.75,0.75,0.75,0.75,-0.75,-0.75,-1.0,-0.875,-1.0,0.625,-0.875,-1.0,-1.0,79.75,67.75
1983886720064999747,1983611387017298367,CURRENTLY_RATED_NOT_HELPFUL,0,NOT_HELPFUL,16,16,0.0,0,0,16,-1.0,1.0,-1.0,-1.0,-1.0,-1.0,-1.0,-1.0,0.25,0.75,-1.0,1.0,0.75,-0.625,-1.0,75.875,15.0
1984458739404194133,1984084080842231881,NEEDS_MORE_RATINGS,1,NEEDS_MORE_RATINGS,16,16,1.0,16,0,0,1.0,-1.0,1.0,0.25,1.0,0.0,1.0,-1.0,-1.0,-1.0,-1.0,-1.0,-1.0,-1.0,-1.0,80.75,65.25
1984693362503336039,1984593588718879206,CURRENTLY_RATED_NOT_HELPFUL,0,NOT_HELPFUL,16,16,0.0,0,0,16,-1.0,1.0,-1.0,-1.0,-1.0,-1.0,-1.0,-1.0,-1.0,0.125,-1.0,0.75,-0.125,-0.25,-0.25,81.75,5.25
1987598012751720949,1987540288404148374,CURRENTLY_RATED_HELPFUL,2,HELPFUL,16,16,0.4375,7,0,9,-0.125,0.125,-0.125,-0.125,-0.125,-0.125,-0.125,-0.5,-0.625,-0.25,-1.0,-1.0,-0.5,-1.0,-0.875,67.5,44.5
1988307245889712207,1988125522484666392,CURRENTLY_RATED_HELPFUL,2,HELPFUL,16,16,0.0,0,0,16,-1.0,1.0,-1.0,-1.0,-1.0,-1.0,-0.875,-0.5,0.0,0.625,-0.875,-0.75,-0.75,0.75,-1.0,73.875,18.375
1988373319146762404,1988278147075502373,NEEDS_MORE_RATINGS,1,NEEDS_MORE_RATINGS,16,16,0.0625,1,0,15,-0.875,0.875,-0.875,-1.0,-0.875,-0.875,-0.625,-0.75,0.125,0.25,-1.0,-0.75,-0.5,-0.75,-0.625,65.8125,20.3125
1991674720186462646,1991035323350978868,NEEDS_MORE_RATINGS,1,NEEDS_MORE_RATINGS,16,16,0.0,0,0,16,-1.0,1.0,-1.0,-1.0,-1.0,-1.0,-0.75,-0.875,-0.625,-0.375,-0.625,-0.875,0.375,-0.625,0.125,78.4375,5.25
1991993375449288772,1991930401838035204,CURRENTLY_RATED_NOT_HELPFUL,0,NOT_HELPFUL,16,16,0.125,2,0,14,-0.625,0.625,-0.75,-1.0,-0.875,-1.0,-0.25,-0.875,-0.5,0.25,-1.0,-1.0,-0.5,-0.5,0.625,75.0,16.5625
1992233728676962631,1992023664695689247,CURRENTLY_RATED_NOT_HELPFUL,0,NOT_HELPFUL,16,16,0.0,0,0,16,-1.0,1.0,-1.0,-1.0,-1.0,-1.0,-0.875,0.125,0.125,0.625,-1.0,-0.875,-0.5,-1.0,-1.0,58.375,19.875
1992652470703788278,1992417585879720366,NEEDS_MORE_RATINGS,1,NEEDS_MORE_RATINGS,16,16,0.375,6,0,10,-0.25,0.25,-0.375,-1.0,-0.375,-0.875,-0.25,-0.5,-1.0,-0.75,-1.0,-1.0,-0.25,0.25,-0.5,69.125,29.5625
1994250579669856632,1994134093764678100,CURRENTLY_RATED_HELPFUL,2,HELPFUL,16,16,0.6875,11,0,5,0.375,-0.375,0.375,-0.125,0.375,0.125,0.375,-0.875,-0.75,-0.875,-1.0,-1.0,-1.0,-1.0,-0.625,79.5,58.25
1994372958597583087,1994208721963241823,CURRENTLY_RATED_HELPFUL,2,HELPFUL,16,16,0.0,0,0,16,-1.0,1.0,-1.0,-1.0,-1.0,-1.0,-0.125,0.375,0.0,0.25,-1.0,-0.75,-0.5,-0.375,-1.0,65.5,27.1875
1995862277254512823,1995616760020828680,CURRENTLY_RATED_HELPFUL,2,HELPFUL,16,16,0.875,14,0,2,0.75,-0.75,0.75,0.75,0.75,0.375,1.0,-0.875,-0.875,-0.75,-1.0,-1.0,-1.0,-0.875,-1.0,81.5,82.0
1996942685446287794,1996481296890319135,NEEDS_MORE_RATINGS,1,NEEDS_MORE_RATINGS,16,16,0.0,0,0,16,-1.0,1.0,-1.0,-1.0,-1.0,-1.0,-0.875,-0.875,-1.0,0.375,-1.0,0.75,-0.5,-0.625,-0.625,67.9375,17.1875
1997375489376129524,1997303138324492706,CURRENTLY_RATED_HELPFUL,2,HELPFUL,16,16,0.3125,5,0,11,-0.375,0.375,-0.375,-1.0,-0.375,-0.375,0.0,-0.875,0.375,-0.25,-0.75,0.0,-0.75,0.25,-1.0,57.0,39.625
1998044699165159597,1997819090283757570,CURRENTLY_RATED_NOT_HELPFUL,0,NOT_HELPFUL,16,16,0.0,0,0,16,-1.0,1.0,-1.0,-1.0,-1.0,-1.0,-1.0,-0.75,-0.125,0.125,-1.0,-0.625,0.375,0.75,-0.875,69.6875,14.8125
1999127732702138483,1999086770797879356,NEEDS_MORE_RATINGS,1,NEEDS_MORE_RATINGS,16,16,0.0,0,0,16,-1.0,1.0,-1.0,-1.0,-1.0,-1.0,-1.0,-0.375,-0.5,0.5,-1.0,-0.625,-0.25,-0.625,-0.75,54.0625,14.0
1999468975562883541,1999342569562812549,CURRENTLY_RATED_HELPFUL,2,HELPFUL,16,16,0.75,12,0,4,0.5,-0.5,0.5,0.625,0.5,0.375,0.5,-0.75,-1.0,-0.75,-1.0,-1.0,-1.0,-1.0,-1.0,80.8125,59.4375
2000273398447140952,2000268713170264134,CURRENTLY_RATED_HELPFUL,2,HELPFUL,16,16,0.1875,3,0,13,-0.625,0.625,-0.625,-1.0,-0.5,-0.625,-0.75,0.5,1.0,0.125,-0.875,-1.0,-1.0,-0.625,-1.0,63.25,31.0
2000584859065225662,2000382914962571288,CURRENTLY_RATED_HELPFUL,2,HELPFUL,16,16,0.0,0,0,16,-1.0,1.0,-1.0,-1.0,-1.0,-1.0,-0.875,-0.75,-0.75,-0.25,-1.0,-0.625,0.625,-0.875,0.25,75.125,8.875
2001245766678143340,2000729017557688491,NEEDS_MORE_RATINGS,1,NEEDS_MORE_RATINGS,16,16,0.0,0,0,16,-1.0,1.0,-1.0,-1.0,-1.0,-1.0,-1.0,-1.0,0.875,0.875,-1.0,1.0,-0.75,1.0,-1.0,72.625,16.25
2002305785209016464,2002036684536402180,CURRENTLY_RATED_HELPFUL,2,HELPFUL,16,16,0.75,12,0,4,0.5,-0.5,0.5,-0.75,0.5,0.375,0.5,-0.625,0.25,-0.625,-1.0,-1.0,-0.875,-1.0,-1.0,64.25,62.9375
2005632564854173804,2005412454885437924,NEEDS_MORE_RATINGS,1,NEEDS_MORE_RATINGS,16,16,0.0,0,0,16,-1.0,1.0,-1.0,-1.0,-1.0,-1.0,-1.0,-0.375,0.25,-0.125,-0.875,1.0,0.375,-0.75,-1.0,72.5,19.4375
2007485623712588198,2007414619145457756,CURRENTLY_RATED_NOT_HELPFUL,0,NOT_HELPFUL,16,16,0.1875,3,0,13,-0.625,0.625,-0.625,-0.75,-0.625,-0.625,-0.75,-0.125,-0.25,-0.5,-1.0,-1.0,-0.5,-0.875,-1.0,60.5625,30.625
2008527987373715609,2008358118250738011,CURRENTLY_RATED_HELPFUL,2,HELPFUL,16,16,0.6875,11,0,5,0.375,-0.375,0.375,0.25,0.375,0.25,0.375,-1.0,-1.0,-0.375,-1.0,-1.0,-1.0,-0.875,-1.0,80.1875,58.375
2008986648348881083,2008967261172769101,NEEDS_MORE_RATINGS,1,NEEDS_MORE_RATINGS,16,16,0.0,0,0,16,-1.0,1.0,-1.0,-1.0,-1.0,-1.0,-1.0,-0.375,-0.25,0.25,-1.0,0.25,-0.5,1.0,-1.0,70.0,16.8125
2009951505235796093,2008672519784722945,CURRENTLY_RATED_HELPFUL,2,HELPFUL,16,16,0.125,2,0,14,-0.75,0.75,-0.75,-0.875,-0.75,-0.75,-0.375,-0.375,0.25,0.25,-1.0,-0.625,0.0,-0.375,-1.0,64.6875,28.6875
2013190336550420820,2012978625813864639,NEEDS_MORE_RATINGS,1,NEEDS_MORE_RATINGS,16,16,0.25,4,0,12,-0.5,0.5,-0.5,-1.0,-0.5,-0.5,-0.25,-0.625,-0.25,0.25,-1.0,-0.875,-0.375,-0.625,-0.875,74.8125,31.125
2013658616134275198,2013354358486811011,CURRENTLY_RATED_HELPFUL,2,HELPFUL,16,16,0.0,0,0,16,-1.0,1.0,-1.0,-1.0,-1.0,-1.0,-0.375,-0.5,0.875,0.0,-0.75,0.25,0.5,1.0,-1.0,61.5,17.5625
2015515125638381746,2015415643273597143,CURRENTLY_RATED_HELPFUL,2,HELPFUL,16,16,0.3125,5,0,11,-0.375,0.375,-0.375,-0.875,-0.375,-0.375,0.0,-0.5,-0.125,-0.25,-0.875,-0.875,-0.625,-0.125,-0.875,61.625,32.1875
2016233514732007632,2016161588613677425,CURRENTLY_RATED_HELPFUL,2,HELPFUL,16,16,0.875,14,0,2,0.75,-0.75,0.75,-0.625,0.75,0.625,0.75,-0.75,-1.0,-1.0,-1.0,-1.0,-1.0,-1.0,-1.0,74.625,68.3125
2016283200641798531,2016058068409200940,NEEDS_MORE_RATINGS,1,NEEDS_MORE_RATINGS,16,16,0.0625,1,0,15,-0.875,0.875,-0.875,-1.0,-0.875,-0.875,-0.625,0.5,-0.375,0.25,-1.0,-1.0,-0.875,-0.875,-0.875,60.9375,25.1875
2017851497586036854,2017543618635174175,CURRENTLY_RATED_HELPFUL,2,HELPFUL,16,16,0.0,0,0,16,-1.0,1.0,-1.0,-1.0,-1.0,-1.0,-1.0,-0.75,0.625,-0.25,-0.5,-1.0,0.25,0.25,-0.75,62.625,15.6875
2018723839157342293,2018649736186921213,CURRENTLY_RATED_NOT_HELPFUL,0,NOT_HELPFUL,16,16,0.0,0,0,16,-1.0,1.0,-1.0,-1.0,-1.0,-1.0,-1.0,-1.0,-1.0,-0.75,-1.0,-0.375,0.25,0.75,-1.0,79.25,9.0625
2019725707530719682,2019711464970289458,CURRENTLY_RATED_NOT_HELPFUL,0,NOT_HELPFUL,16,16,0.9375,15,0,1,0.875,-0.875,0.75,0.875,0.875,0.5,0.875,-1.0,-0.875,-0.875,-1.0,-1.0,-1.0,-1.0,-1.0,78.5,67.4375
2020316637111677445,2020085470651380083,CURRENTLY_RATED_HELPFUL,2,HELPFUL,16,16,0.5,8,0,8,0.0,0.0,0.0,-0.125,0.0,-0.125,0.5,-0.625,-0.125,-0.5,-1.0,-1.0,-1.0,-0.75,-1.0,69.9375,49.0
2022124412393423115,2021853729402900798,CURRENTLY_RATED_NOT_HELPFUL,0,NOT_HELPFUL,16,16,0.3125,5,0,11,-0.375,0.375,-0.375,-1.0,-0.875,-0.375,0.0,-1.0,-0.5,-0.375,-1.0,-1.0,-0.25,-1.0,-0.25,77.125,25.5
2022586134409146699,2022312758486643190,CURRENTLY_RATED_NOT_HELPFUL,0,NOT_HELPFUL,16,16,0.0,0,0,16,-1.0,1.0,-1.0,-1.0,-1.0,-1.0,-1.0,-1.0,-1.0,-0.5,-1.0,-1.0,0.125,-1.0,0.75,83.3125,5.5
2023434169842282744,2023388423076098216,CURRENTLY_RATED_NOT_HELPFUL,0,NOT_HELPFUL,16,16,0.0,0,0,16,-1.0,1.0,-1.0,-1.0,-1.0,-1.0,-1.0,-0.625,0.5,0.5,-1.0,-0.375,-0.125,-0.625,-0.875,62.375,16.75
2023707588584689715,2023665607129133186,CURRENTLY_RATED_NOT_HELPFUL,0,NOT_HELPFUL,16,16,0.0,0,0,16,-1.0,1.0,-1.0,-1.0,-1.0,-1.0,-0.875,-1.0,-0.375,-0.375,-1.0,1.0,0.75,0.625,0.375,80.375,5.625
2028126863139414207,2028083192956346683,NEEDS_MORE_RATINGS,1,NEEDS_MORE_RATINGS,16,16,0.0,0,0,16,-1.0,1.0,-1.0,-0.875,-1.0,-1.0,-0.75,0.0,-0.625,0.5,-1.0,-0.125,0.375,0.875,-0.25,63.6875,18.25
2029015603952939396,2028949898402365482,CURRENTLY_RATED_HELPFUL,2,HELPFUL,16,16,0.5,8,0,8,0.0,0.0,0.0,-0.875,0.0,0.0,0.25,-0.125,-0.375,-0.5,-1.0,-1.0,-0.5,-0.75,-1.0,63.5625,52.0625
2029998455226257572,2029695680977997880,NEEDS_MORE_RATINGS,1,NEEDS_MORE_RATINGS,16,16,0.0,0,0,16,-1.0,1.0,-1.0,-1.0,-1.0,-1.0,-1.0,-0.875,0.25,0.625,-0.875,1.0,-0.375,0.75,-1.0,74.25,13.25
2031450003181351043,2031375218120265991,CURRENTLY_RATED_NOT_HELPFUL,0,NOT_HELPFUL,16,16,0.0,0,0,16,-1.0,1.0,-1.0,-1.0,-1.0,-1.0,-0.625,-1.0,-0.375,0.625,-0.875,-0.125,-0.125,-0.125,-1.0,73.75,15.9375
2032962914680733981,2032682032027881540,CURRENTLY_RATED_HELPFUL,2,HELPFUL,16,16,0.4375,7,0,9,-0.125,0.125,-0.25,0.125,-0.125,-0.125,0.5,-0.25,-1.0,-0.25,-1.0,-1.0,-0.625,-0.875,-1.0,78.125,50.4375
2033201832529740143,2032853232435999008,NEEDS_MORE_RATINGS,1,NEEDS_MORE_RATINGS,16,16,0.0,0,0,16,-1.0,1.0,-1.0,-1.0,-1.0,-1.0,-0.875,-0.25,0.375,-0.125,-0.875,-1.0,-0.125,-0.125,-0.75,56.9375,15.0
2034039177650831540,2034014767703331090,NEEDS_MORE_RATINGS,1,NEEDS_MORE_RATINGS,16,16,0.0625,1,0,15,-0.875,0.875,-0.875,-1.0,-0.75,-0.875,-1.0,-0.5,1.0,0.0,-1.0,-1.0,-0.375,0.75,-1.0,60.875,20.375
2034054036908122614,2033863025522807042,NEEDS_MORE_RATINGS,1,NEEDS_MORE_RATINGS,16,16,0.0,0,0,16,-1.0,1.0,-1.0,-1.0,-1.0,-1.0,-0.875,-0.75,0.625,0.125,-1.0,-0.625,0.125,1.0,-1.0,71.375,17.1875
2036833923356127542,2036779374809059510,CURRENTLY_RATED_HELPFUL,2,HELPFUL,16,16,0.875,14,0,2,0.75,-0.75,0.75,-0.25,0.75,0.75,0.75,-0.75,-0.875,-0.875,-1.0,-1.0,-1.0,-0.875,-1.0,76.0625,80.625
2040265734534627532,2040193757086413204,CURRENTLY_RATED_NOT_HELPFUL,0,NOT_HELPFUL,16,16,0.0,0,0,16,-1.0,1.0,-1.0,-1.0,-1.0,-1.0,-0.875,1.0,-0.125,-0.5,-1.0,-1.0,-0.875,-0.625,-1.0,73.625,11.375
